record_id,split,country,conference_date,target,label,text,detected_language
seg_00001,train,CH,2021-01-13,,credit claiming,"la bonne nouvelle, c'est que pour la première fois, nous avons vraiment plusieurs semaines d'avance et nous pouvons donc agir pour affaiblir cette 3e vague. Nous avons beaucoup de séquençage dans notre pays sur les virus, quelque chose qui nous permet d'avoir une approche statistique de la situation.",fr
seg_00002,test,CH,2021-01-13,,credit claiming,"Nous faisons tout cela pour tenter d'éviter une 3e vague, affaiblir ces situations que connaissent actuellement d'autres pays, éviter des mesures plus dures et plus coûteuses plus tard, éviter aussi de mettre en danger la vaccination, qui commence maintenant. La vaccination c'est une très bonne nouvelle si on devait en trouver une au début de cette année.",fr
seg_00003,train,CH,2021-01-13,citizens,explaining/sharing responsibility,"Avec une vague pandémique, eh bien ça freine la vaccination parce que vous ne pouvez pas vacciner les personnes qui ont des symptômes et nous souhaitons également ici faire un gros effort maintenant pour que la situation ne s'éternise pas et que nous ayons ensuite des perspectives.",fr
seg_00014,train,CH,2021-01-13,subnational level,explaining/sharing responsibility,"Oui je crois que dans ce domaine-là, je peux répéter ce que je disais tout à l'heure. Les cantons ont donné un très clair signal que c'est effectivement l'activité, c'est la responsabilité des cantons que de regarder comment gérer la situation avec les écoles obligatoires et poste obligatoire et nous avons pleine confiance dans ce que font les cantons dans ce domaine. Alors cela dit, le Conseil fédéral a discuté de cela récemment. Nous avons écrit aux cantons pour avoir aussi dans le fond un retour de leur part sur ce qu'ils pensent faire avec cette situation et nous attendons maintenant ce retour pour une prochaine discussion.",fr
seg_00015,train,CH,2021-01-13,subnational level,shifting responsibility,et nous attendons maintenant ce retour pour une prochaine discussion.,fr
seg_00016,train,CH,2021-01-13,,credit claiming,"je dois vous dire jusqu'à la fin ou à la moitié du mois de décembre, nous avions tous les signaux qui étaient assez positifs, hein. On avait un virus qui était là, on a pris des mesures pour garder le taux de reproduction à un et on a eu le premier vaccin qui était autorisé. On a des bonnes conditions pour avoir l'arrivée de doses de vaccin en janvier dans notre pays, donc on était sur un très bon chemin avec la volonté de pouvoir vacciner rapidement les groupes à risque de manière très rapide au début et puis ensuite d'avoir l'accès pour l'ensemble de la population à la vaccination parce que nous estimons que c'est un élément important, très important, décisif peut-être pour nous sortir de cette situation.",fr
seg_00017,train,CH,2021-01-13,citizens,explaining/sharing responsibility,"nous voyons dans les données sur la mobilité et les comparaisons avec le début de l'année qu'il existe encore un potentiel et ces données sur la mobilité, évidemment, tiennent compte de différents éléments, mais aussi du télétravail et on a clairement le sentiment qu'il reste encore un certain potentiel.",fr
seg_00019,train,CH,2021-01-13,subnational level,explaining/sharing responsibility,"Dans le domaine de la santé, j'aimerais rappeler ici que les cantons ont la responsabilité de garantir l'approvisionnement. On demande beaucoup de choses à la Confédération, mais faut pas oublier Monsieur Stocker le disait tout à l'heure, nous fonctionnons dans des structures fédéralistes et l'approvisionnement en matière de soins est une affaire qui relève de l'activité des cantons. Ils font tout ce qu'ils peuvent pour ça et des hôpitaux.",fr
seg_00020,train,CH,2021-01-13,,credit claiming,"Et il nous semble que la situation actuelle de ce point de vue-là, elle permet de fonctionner aujourd'hui avec les mesures que nous prenons, il s'agit justement d'éviter d'avoir plus de personnel infecté, plus d'absence, plus de problèmes dans ce domaine-là. Et nous sommes convaincus que, avec les mesures qui devraient permettre de garder une situation sous contrôle",fr
seg_00021,test,CH,2021-01-13,,credit claiming,"Mais avec cela, il me semble que tout ça fait une immense différence d'ailleurs avec la situation d'il y a 6 ou 8 mois. Nous avons tout sur la table pour avoir une situation aussi sur le plan des institutions qui fonctionne bien.",fr
seg_00022,train,CH,2021-01-13,subnational level,explaining/sharing responsibility,Nous avons tout sur la table pour avoir une situation aussi sur le plan des institutions qui fonctionne bien.,fr
seg_00028,train,CH,2021-01-27,,credit claiming,"vous l'avez constaté ce matin, on semble voir un effet aussi des mesures qui ont été prises encore le 13 janvier en tout cas on commence, on devrait commencer à les voir dans les chiffres. Comme vous le voyez, les nouveaux cas évoluent avec toujours une diminution, elle est moins forte que dans les semaines passées, mais ça continue de diminuer. C'est également le cas pour les hospitalisations et le nombre de décès, mais ça diminue plus lentement qu'auparavant. Nous avons maintenant ce matin une incidence sur 14 jours de 305 cas pour 100’000 habitants et on est donc repassé hier pour la première fois depuis octobre sous la barre des 2000 cas en semaine. Pendant le weekend, c'est un petit peu différent, mais en semaine, c’était le cas aujourd'hui, 2222 cas, je crois qu'on peut dire que c'est quelque chose de de réjouissant.",fr
seg_00029,train,CH,2021-01-27,,credit claiming,grâce aux multiples séquençages qui sont réalisés dans notre pays,fr
seg_00030,test,CH,2021-01-27,citizens,shifting responsibility,"la Confédération a autorisé les tests de personnes asymptomatiques et nous devons constater sur les 5-6 dernières semaines, 6 dernières semaines même, que ça a été trop peu utilisé et la Confédération a décidé enfin, le Conseil fédéral a décidé ce matin que la Confédération prendrait désormais en charge le coût de ces tests. Il s'agit d'une incitation en fait, pour dire utilisez plus ces tests dans les EMS, dans les écoles, dans les hôtels, dans les entreprises, partout où cela peut aider, utilisez les plus. Et puis s’il faut que la Confédération prenne cela en charge pour créer une incitation, Eh bien nous avons pris cette décision ce matin. Aujourd'hui, ça a été trop peu utilisé durant les 5-6-7 dernières semaines et nous souhaitons que cela change",fr
seg_00031,test,CH,2021-01-27,,credit claiming,le Conseil fédéral a décidé ce matin que la Confédération prendrait désormais en charge le coût de ces tests.,fr
seg_00032,train,CH,2021-01-27,subnational level,shifting responsibility,"Les cantons pour pouvoir faire appel à cette possibilité, doivent évidemment présenter un concept à l’OFSP pour montrer où, quand et comment ils prévoient de faire ces tests.",fr
seg_00033,test,CH,2021-01-27,citizens,shifting responsibility,"il y a évidemment alors au-delà du 7e, au 10e jour, l'obligation de porter le masque vraiment au-delà des obligations habituelles, ça veut dire dès qu'on est hors de chez soi jusqu'à la fin de la quarantaine officielle de 10 jours et de respecter évidemment scrupuleusement les règles d'hygiène et de distance.",fr
seg_00034,train,CH,2021-01-27,subnational level,explaining/sharing responsibility,une demande des cantons et donc suite à l'inscription de cette possibilité dans la loi COVID en décembre dernier,fr
seg_00035,train,CH,2021-01-27,,credit claiming,"Dernier élément pour les pharmacies, nous avons décidé ce matin de prendre en charge les coûts de vaccination par les pharmacies.",fr
seg_00039,train,CH,2021-01-27,citizens,explaining/sharing responsibility,ou une volonté de le faire puisque la personne concernée doit payer le test elle-même.,fr
seg_00046,train,CH,2021-01-27,citizens,shifting responsibility,Et il ne s’agit encore une fois pas ici de prendre en charge la totalité de tous les tests qui pourraient être souhaitables sur le plan privé.,fr
seg_00047,train,CH,2021-01-27,citizens,shifting responsibility,Ça dépendra vraiment de la réalisation de ces tests,fr
seg_00055,train,CH,2021-01-27,subnational level,shifting responsibility,"Je ne veux pas faire d'analyse pour savoir pour quelle raison ça a été trop peu réalisé durant les 6 dernières semaines, c'est tout simplement un fait, on l'a trop peu utilisé et c'était je crois, à juste titre demandé aussi sur le plan fédéral, qu'on en fasse beaucoup plus pour tester. Et les gens, le personnel et les visiteurs, là où il y a des personnes qui ont des risques particuliers, qui vivent notamment par exemple dans les homes pour personnes âgées. Et maintenant avec cette situation, nous donnons la même possibilité à tous les cantons de définir un concept et d'agir pour avoir un meilleur suivi dans ce type de situation.",fr
seg_00057,train,CH,2021-01-27,,credit claiming,Et donc nous avons évidemment une stratégie pour la Suisse qui est adaptée à la réalité géographique et sociale du pays.,fr
seg_00059,train,CH,2021-01-27,subnational level,explaining/sharing responsibility,"Pour le reste c'est une demande des cantons cela et c'est pour faciliter en fait là où c'est nécessaire pour eux, la mise en œuvre de ces règles. En réalité, c'est une possibilité qu'ils avaient déjà obtenu dans le cadre du droit d'urgence, de la situation extraordinaire au printemps et les cantons à l'automne ont demandé que cette possibilité existe à nouveau. Elle a été pour cela réintroduite dans la loi COVID durant la session de décembre. Et donc nous pouvons aujourd'hui, à la demande des cantons, avec le soutien du Parlement dans le cadre de la loi COVID, réintroduire cette possibilité pour les autorités de poursuite.",fr
seg_00060,train,CH,2021-02-17,,credit claiming,je crois qu'on peut le voir les efforts qui ont été réalisés durant les dernières semaines et les derniers mois payent.,fr
seg_00061,train,CH,2021-02-17,citizens,praising,"J'ai déjà eu, nous avons déjà eu avec le Conseil fédéral l'occasion de le dire, la population dans son ensemble a été très respectueuse, très disciplinée pendant les phases un peu délicates des fêtes de fin d'année.",fr
seg_00062,train,CH,2021-02-17,,credit claiming,"Ça nous a permis de commencer l'année avec une situation qui n'était pas si mauvaise et l'évolution actuellement, elle est bonne. Nous avons eu en un mois maintenant une division par 2 du nombre de nouvelles infections. Nous avons également une détente sur le front des hospitalisations, des personnes, du nombre de personnes aux soins intensifs et en parallèle, Eh bien la vaccination des personnes vulnérables avance",fr
seg_00063,train,CH,2021-02-17,,credit claiming,"Dans l'ensemble, nous avons pris des mesures, elles sont connues, elles ont été dans l'essentiel ou pour l'essentiel moins contraignantes qu'à l'étranger. Malgré ça, nous avons une situation qui évolue de manière positive encore une fois parce que les consignes ont été bien respectées, sont bien respectées.",fr
seg_00064,test,CH,2021-02-17,citizens,praising,"parce que les consignes ont été bien respectées, sont bien respectées.",fr
seg_00065,train,CH,2021-02-17,citizens,shifting responsibility,"Il faut être clair à ce sujet en disant, nous souhaitons pouvoir réouvrir, mais pour que ça fonctionne, il faut évidemment que l'ensemble de la population continue à être attentive, à se protéger, à respecter les règles et les gestes qui nous protègent des infections. La situation reste fragile.",fr
seg_00066,train,CH,2021-02-17,subnational level,explaining/sharing responsibility,"Nous avons donc envisagé, nous proposons maintenant dans une consultation qui doit être transmise encore aux cantons, de lever certaines mesures dès le 1er mars. Il y aura une décision définitive mercredi prochain. Je rappelle ici que cette consultation est une obligation fixée dans la loi sur les épidémies, donc c'est une évidence qu’il y a toujours une consultation avant de prendre des mesures.",fr
seg_00067,train,CH,2021-02-17,subnational level,explaining/sharing responsibility,"Donc nous passons à un rythme tendanciellement de 4 semaines pour pouvoir voir quel est l'effet des mesures prises, quelle est la situation avant d'envisager le prochain pas en sachant qu'il faudra toujours également pour cela consulter les cantons",fr
seg_00068,test,CH,2021-02-17,,credit claiming,"Ça fait d'ailleurs une assez grosse différence avec le printemps 2020 dans lequel nous étions dans la situation extraordinaire et où théoriquement il n’y avait pas besoin de consulter les cantons, même si on l’a toujours fait.",fr
seg_00069,train,CH,2021-02-17,,credit claiming,"donc ça montre bien que nous sommes très attentifs à ce qui se passe dans le cadre intérieur, à l'intérieur des bâtiments, parce que nous savons que c'est là que les risques sont les plus importants et nous souhaitons avoir la stabilité pour permettre de le faire dans un 2e temps de manière à ne pas créer non plus trop d'incertitudes pour celles et ceux qui sont concernés.",fr
seg_00073,train,CH,2021-02-17,,credit claiming,"On a aussi retenu la leçon de l'année dernière, il y a eu beaucoup d'insistance pour réouvrir plutôt les restaurants, on l'a fait au début du mois de mai et moi je me souviens très très bien avoir eu énormément de retours de gens qui disaient: Écoutez comme ça on peut pas travailler. Vous nous demandez de travailler dans des conditions où on peut pas travailler et si aujourd'hui on disait aux restaurants, bon Ben utilisez votre terrasse et essayez de vous en sortir économiquement avec ça, c'est naturellement difficile.",fr
seg_00074,test,CH,2021-02-17,subnational level,shifting responsibility,"On a notamment dans les stations de ski cette problématique qui se pose, c'est contraire à l'ordonnance aujourd'hui c'est contraire au droit et donc nous allons rappeler encore une fois aux cantons que ça n'est pas aujourd'hui possible.",fr
seg_00075,train,CH,2021-02-17,,credit claiming,"On est le seul pays, je crois assez loin à la ronde qui a à la fois ouvert ses stations de ski, qui a laissé des hôtels ouverts et puis dans lequel on peut aussi en take away allez se restaurer dans un endroit",fr
seg_00076,train,CH,2021-02-17,subnational level,explaining/sharing responsibility,"Donc on n'a pas prévu de différences régionales aussi pour éviter les problèmes que ça poserait aux cantons en termes de concurrence problématique entre eux, lorsque les cantons avaient les choses dans les mains et qu'ils pouvaient décider d'ouvrir ou de fermer à chaque fois qu'ils fermaient quelque chose",fr
seg_00077,train,CH,2021-02-17,subnational level,blaming,"lorsque les cantons avaient les choses dans les mains et qu'ils pouvaient décider d'ouvrir ou de fermer à chaque fois qu'ils fermaient quelque chose et bien ça précipitait toute leur population dans les mêmes activités dans le canton d’à-côté et on a vu des exemples assez spectaculaires où dans le fond, l'épidémie évoluait, voyageait d'un canton à l'autre, si je peux le dire ainsi. Puis à la fin, montait partout, donc nous n'avons pas prévu ce type de choses pour l'instant.",fr
seg_00083,train,CH,2021-02-17,,credit claiming,"À ma connaissance, les choses se passent assez bien avec le traçage, on a maintenant l'ensemble des cantons, ça vous pouvez confirmer (montrant M. Mathys, OFSP), qui sont reliés aussi à la Datenbank donc on a une idée assez précise de ce qui se passe. C'est une bonne évolution. Cela dit, ça reste un travail extrêmement, extrêmement exigeant, mais avec le niveau de d'infection que nous avons aujourd'hui avec le taux de positivité aussi relativement bas, nous avons actuellement une assez bonne situation sur le plan du contrôle de la pandémie.",fr
seg_00084,test,CH,2021-02-17,subnational level,praising,"on a maintenant l'ensemble des cantons, ça vous pouvez confirmer (montrant M. Mathys, OFSP), qui sont reliés aussi à la Datenbank",fr
seg_00086,train,CH,2021-02-17,citizens,shifting responsibility,"on constate évidemment que les mesures qui ont été mises en place au fil du temps et dans la 2e partie et maintenant dans cette nouvelle année, ont moins d'effet sur la réduction de la mobilité que c'était le cas l'année dernière",fr
seg_00087,test,CH,2021-02-17,subnational level,explaining/sharing responsibility,"Cette consultation, je le rappelle, est ouverte auprès des cantons.",fr
seg_00093,test,CH,2021-02-17,citizens,shifting responsibility,Chaque personne vaccinée en plus va nous aider,fr
seg_00094,train,CH,2021-02-17,citizens,shifting responsibility,"notamment aussi avec cet appel à la population à dire, nous prenons un certain risque aujourd'hui parce qu'on veut vivre, on veut pouvoir vivre, ouvrir, faire ces pas. Mais il faut vraiment que chacune, chacun se sente vraiment responsable de sa situation, fasse attention à bien se protéger et à être prudent.",fr
seg_00095,train,CH,2021-02-17,citizens,shifting responsibility,c'est aussi un élément qui doit nous rappeler que le comportement individuel et comment on se comporte reste très important.,fr
seg_00096,train,CH,2021-02-17,,credit claiming,"C'est une mesure très dure mais très efficace pour contrôler ou pour mieux maîtriser l'évolution de l'évolution de la pandémie. Ça, c'est le premier élément et le 2e élément, je crois qu’on s'est toujours adressé à la population de manière aussi transparente que possible. Aussi avec nos doutes, avec ce qu’on ne savait pas, on a toujours été clair et là aujourd'hui, on est très clair aussi",fr
seg_00097,test,CH,2021-02-17,citizens,shifting responsibility,"on veut faire ces pas, on prend un certain risque mais ça ne fonctionnera que si vraiment on est par ailleurs extrêmement strict avec le suivi de ces règles : la distance, le masque, se laver les mains, désinfecter les mains aussi souvent qu'on peut le faire pour éviter les transmissions du virus",fr
seg_00098,test,CH,2021-02-17,citizens,praising,"moi je crois que c'est assez bien respecté. Je dois vous dire, on n'a pas eu d'explosion sur les fêtes de Noël alors qu'on craignait et ça s'est passé dans d'autres pays.",fr
seg_00099,train,CH,2021-02-17,citizens,praising,Au contraire je trouve au contraire qu'on a une population qui dans le fond est très très disciplinée par rapport à tout ça.,fr
seg_00100,train,CH,2021-02-17,citizens,shifting responsibility,Et ce sera d'autant plus important durant les semaines qui arrivent.,fr
seg_00101,train,CH,2021-02-24,subnational level,explaining/sharing responsibility,il y a une consultation qui a eu lieu auprès des cantons et nous avons à la fin de cette consultation ce matin fait un bilan global de la situation bien sûr sur les propositions à la consultation,fr
seg_00102,test,CH,2021-02-24,,credit claiming,"La mortalité est également en baisse et la campagne de vaccination se déroule donc les perspectives sont bonnes, on va vers le mieux vraiment avec cette évolution",fr
seg_00116,train,CH,2021-02-24,,credit claiming,"Donc si ça fonctionne comme ça, on aura, je crois, réussi à sortir de cette situation dans de bonnes conditions.",fr
seg_00117,train,CH,2021-02-24,,credit claiming,"Et ça, je crois que c'est un pas important ou des pas importants qu'on a fait. On a essayé dans la mesure du possible de protéger un tout petit peu la situation des jeunes qui sont, qui souffrent quand même fortement de cette situation avec la durée maintenant que tout cela a pris.",fr
seg_00118,train,CH,2021-02-24,,credit claiming,"mais il ne faut pas oublier une chose, on va vers le mieux, on va vers le mieux, les perspectives s'améliorent.",fr
seg_00119,train,CH,2021-02-24,,credit claiming,"avec la vaccination aussi qui se développe, on va vers le mieux",fr
seg_00125,train,CH,2021-03-12,citizens,shifting responsibility,"Ce que nous voyons, c'est que la situation épidémiologique actuelle n'est malheureusement pas celle que nous souhaitions. Nous avons aujourd'hui des cas qui stagnent depuis quelques jours ou semaines, voire même qui augmentent maintenant, si on regarde du 9 au 11 mars, les nouvelles infections par jour étaient 20% plus élevées que la semaine précédente. C'est un jour de comparaison qui ui est valable et nous voyons dans ce cadre-là également que 3 valeurs cibles sur 4 sont déjà dépassées, notamment l'incidence à 14 jours qui est supérieure aujourd'hui à celle du premier mars. Le taux de positivité qui a augmenté le taux de reproduction qui est supérieur à un.",fr
seg_00126,test,CH,2021-03-12,citizens,shifting responsibility,"Cette vague sera plus forte si on multiplie les contacts suite aux ouvertures, elle sera moins forte si on est extrêmement prudent aussi dans les comportements individuels et là rappelle quelque chose que je dis depuis que nous disons avec le Conseil fédéral depuis longtemps, mais je vais répéter chaque mot 2 fois, parce que c'est important : distance, distance, masque, masque, hygiène des mains, hygiène des mains.",fr
seg_00127,test,CH,2021-03-12,,credit claiming,"Cela dit, parce que nous avons aussi une évolution de la stratégie depuis le début de l'année, il nous paraît possible aujourd'hui, avec ces mises en garde, en étant très attentif, de pouvoir envisager des ouvertures malgré cette situation très instable",fr
seg_00128,train,CH,2021-03-12,citizens,explaining/sharing responsibility,"il nous paraît possible aujourd'hui, avec ces mises en garde, en étant très attentif, de pouvoir envisager des ouvertures malgré cette situation très instable, pour autant qu'on soit extrêmement attentif dans nos comportements individuels et collectifs,",fr
seg_00129,test,CH,2021-03-12,subnational level,explaining/sharing responsibility,"ouvrir une consultation auprès des cantons sur la 2e étape d'assouplissement. Le Conseil fédéral, et c’est connu déjà depuis longtemps, rediscutera de cette situation le 19 mars pour prendre une décision définitive tenant compte de la situation épidémiologique, bien sûr de la consultation, en rappelant qu’il n’y a pas d'automatisme.",fr
seg_00130,train,CH,2021-03-12,subnational level,explaining/sharing responsibility,C'est une discussion qu'on mène avec les cantons avant de prendre une décision en fin de semaine prochaine,fr
seg_00131,train,CH,2021-03-12,citizens,shifting responsibility,"Et ce que nous souhaiterions dire à ce stade, c'est que quand on parle de responsabilité individuelle, que même si les activités sont ouvertes, on doit faire attention à ses contacts, un des éléments qui peut beaucoup nous aider pour l'ensemble de la société, c'est de déplacer à l'extérieur tout ce qui peut être déplacé à l'extérieur",fr
seg_00132,train,CH,2021-03-12,citizens,explaining/sharing responsibility,"tout ça, ce sont des adaptations de comportement dans la situation actuelle qui peuvent aussi aider à maîtriser la situation",fr
seg_00133,train,CH,2021-03-12,,credit claiming,"mais à partir du 15 mars donc dès lundi, tous les tests de personnes qui ont des symptômes seront pris en charge",fr
seg_00138,test,CH,2021-03-12,,credit claiming,"Nous avons dans ce sens-là pour le premier élément, mener des discussions très tôt déjà avec Pfizer et Moderna",fr
seg_00139,train,CH,2021-03-12,,credit claiming,"Et donc nous avons été bien sûr en contact avec Lonza. Nous avons été bien sûr aussi en contact avec Moderna. Et nous avons fait ce qu'il s'agit de faire en pareilles circonstances pour avoir accès à un vaccin, nous avons négocié enfin l’Office fédéral de la santé publique a négocié avec Moderna pour la réservation et l'achat de vaccins",fr
seg_00140,train,CH,2021-03-12,,credit claiming,"La bonne nouvelle aussi dans tout ça, c'est qu'évidemment nous avons avec ça, avec cette évolution, parié très tôt sur les vaccins ARN",fr
seg_00141,train,CH,2021-03-12,,credit claiming,on voit que nous avons une très bonne situation imposition avec ces vaccins ARN messager qui semblent être vraiment un élément absolument déterminant pour faire face à la pandémie.,fr
seg_00142,train,CH,2021-03-12,subnational level,explaining/sharing responsibility,Ça va dépendre de la consultation auprès des cantons.,fr
seg_00143,train,CH,2021-03-12,citizens,shifting responsibility,"C'est pour ça qu'il faut vraiment que tout le monde participe. C'est pour ça que j'ai, nous avons rappelé cet appel à respecter les mesures. Que les choses soient ouvertes ou qu'on puisse se rencontrer à 10 à la maison, ne veut pas dire qu'il faut forcément vraiment se rencontrer à 10 tous les soirs à la maison avec à chaque fois des gens différents, on n'est pas obligé de remplir cet objectif de 10, c’est une limite",fr
seg_00144,train,CH,2021-03-12,,credit claiming,on peut le faire parce que nous avons en même temps le fort développement des tests et nous avons aussi le développement de la vaccination,fr
seg_00145,train,CH,2021-03-12,,credit claiming,"les chiffres ne sont pas très bons. Ce n’est pas une catastrophe. Il faut être franc, on peut encore contrôler cette situation",fr
seg_00150,train,CH,2021-03-12,citizens,shifting responsibility,"Et à partir de là, il faut être prudent. C'est la première fois qu'on est confronté à une vague qui est faite du nouveau variant.",fr
seg_00153,train,CH,2021-03-12,,credit claiming,"Aujourd'hui, on a d'autres outils en masse, en suffisance avec les tests, c'est pour ça que ça se développe et bientôt vraiment aussi en masse et en suffisance avec la vaccination.",fr
seg_00154,train,CH,2021-03-12,citizens,shifting responsibility,"Et encore pour les tests, je veux dire l'appel vraiment à toutes celles et ceux qui le peuvent, qui le veulent de se faire tester régulièrement, ça nous aide. Mais ce qui va beaucoup aider, Eh bien, ce sont aussi les comportements individuels. Ce n’est pas parce qu'on dit aujourd'hui on retourne à la réouverture de certains éléments qu'il faut juste tout remplir tout le temps, c'est aussi lié à une forme dans le fond de responsabilité individuelle face à cette évolution collective qui reste assez difficile avec la pandémie.",fr
seg_00157,train,CH,2021-04-28,,credit claiming,la situation dans notre pays est actuellement assez stable,fr
seg_00158,train,CH,2021-04-28,citizens,shifting responsibility,"On n'est pas du tout hors de contrôle et ça va fonctionner, ça peut continuer de fonctionner si on continue d'avoir une grande attention aux gestes qui protègent et à continuer à être très prudent dans cette phase",fr
seg_00159,test,CH,2021-04-28,subnational level,explaining/sharing responsibility,"le 2e élément, c'est que les événements doivent être autorisés par le canton où ils se déroulent",fr
seg_00160,test,CH,2021-04-28,citizens,shifting responsibility,"on peut que encore une fois, comme l'a fait le président de la Confédération, encourager chacune, chacun à réfléchir à la vaccination, à se faire vacciner, c'est actuellement notre meilleur atout pour nous protéger, pour retrouver le chemin vers la normalité et pour aussi continuer à lever les mesures, ouvrir les mesures de protection et donc pour sortir de cette crise.",fr
seg_00162,train,CH,2021-04-28,subnational level,explaining/sharing responsibility,"Alors la première chose, c'est que le Président de la Confédération l'a dit, il faut une base légale pour que les cantons puissent également autoriser ces manifestations, parce qu'il faut qu'ils aient une base légale pour pouvoir offrir également un soutien.",fr
seg_00163,test,CH,2021-04-28,,credit claiming,"donc on leur amène avec cet outil, une sécurité de planification.",fr
seg_00167,train,CH,2021-04-28,,credit claiming,ça montre bien qu'on aura fait des pas absolument énormes.,fr
seg_00168,train,CH,2021-04-28,citizens,praising,ça montre bien qu'on aura fait des pas absolument énormes.,fr
seg_00170,train,CH,2021-04-28,subnational level,shifting responsibility,"Et là il s'agit de voir aussi dans les cantons qui vont faire ces essais pilotes, qu'est-ce qu'on peut apprendre de ces cas ? Est-ce que par exemple il est facile de tester beaucoup de monde à l'entrée ou pas ? Comment est-ce qu'on peut faire pour garantir que les personnes puissent faire la démonstration qu'elles ont été testées si c'est nécessaire, ce type de choses.",fr
seg_00171,train,CH,2021-04-28,subnational level,explaining/sharing responsibility,"donc dans la mesure où ces essais pilotes sont limités entre 300 et 600 personnes, alors on peut imaginer que dans certains cantons peut-être qu'il y en a aucun qui va être réalisé ou peut être un ou peut-être pas du tout et qu'on va demander au canton voisin quelles sont les expériences réalisées et que dans le canton de Zurich que vous mentionnez ou dans des grands cantons, eh bien les 3 soient utilisés, il s'agit vraiment de l'acquisition d'expériences et on parle de l'idée qu'avec 3 tests par canton, ça fait théoriquement quand même presque 80 sur l'ensemble du pays, on doit pouvoir accumuler assez d'expérience durant ce mois de juin pour voir comment vraiment le mettre en place pendant l'été",fr
seg_00172,train,CH,2021-05-12,,credit claiming,je crois qu'on peut dire aujourd’hui 12 mai 2021 qu'elle est assez encourageante. Vous avez vu encore aujourd'hui que les cas continuent de diminuer dans notre pays.,fr
seg_00173,train,CH,2021-05-12,,credit claiming,"Ce que le Conseil fédéral a fait avec la décision du 14 avril dernier qui était quand même un pas assez important, entré en vigueur le 19 avril, n'a pas conduit à une explosion de cas. Au contraire, on a pu avoir une poursuite de l'évolution assez favorable",fr
seg_00174,train,CH,2021-05-12,subnational level,praising,"Et dans l'intervalle, bientôt tous les cantons qui ouvrent la vaccination à toutes les personnes à partir de 16 ans.",fr
seg_00175,train,CH,2021-05-12,citizens,explaining/sharing responsibility,"Eh bien, elle a porté ses fruits aussi parce que nous avons cette évolution avec la vaccination et en même temps avec une population dans notre pays, nous le pensons qui respecte les gestes barrières, qui fait attention au port du masque, qui fait preuve d'une grande prudence dans cette évolution et cette prudence elle est d'autant plus importante maintenant parce que de nombreuses personnes dans notre pays sont en attente de la vaccination.",fr
seg_00176,train,CH,2021-05-12,citizens,shifting responsibility,ce n’est vraiment pas le moment de les mettre ou de se mettre en danger. Il faut pouvoir au contraire poursuivre avec la vaccination,fr
seg_00177,train,CH,2021-05-12,subnational level,explaining/sharing responsibility,"Et nous avons pu voir ce matin que ce modèle, ce plan en 3 phases est soutenu par les cantons et nous l'avons donc définitivement approuvé ce matin",fr
seg_00178,test,CH,2021-05-12,subnational level,explaining/sharing responsibility,"Et bien sûr, ça ouvre aussi la possibilité de nouveaux assouplissements et nous souhaitons maintenant avec un peu d'avance, nous souhaitons maintenant consulter les cantons, les partenaires sociaux, les commissions parlementaires vont certainement s'y intéresser aussi sur une prochaine étape d'assouplissement.",fr
seg_00179,test,CH,2021-05-12,citizens,shifting responsibility,"Pour autant, effectivement que la situation le permette et que nous continuons à avoir une évolution favorable avec l'ensemble de la population qui se tient aux règles fixées, qui respecte ces règles et puis avec une évolution qui est favorable, quelques éléments de détail peut être sur le paquet d'ouverture proposé.",fr
seg_00180,train,CH,2021-05-12,subnational level,shifting responsibility,"Dans la formation supérieure, on a la levée de la limite de 50 personnes en présentiel pour les universités par exemple, sous condition d'un concept de test et autorisation du canton.",fr
seg_00181,test,CH,2021-05-12,,credit claiming,mais actuellement on est dans la bonne direction,fr
seg_00182,train,CH,2021-05-12,subnational level,explaining/sharing responsibility,c'est une décision qui sera prise sur la base des éléments que nous aurons à disposition après la consultation,fr
seg_00183,train,CH,2021-05-12,citizens,shifting responsibility,"Très important, la liste des coordonnées des clients, les contacts et là on attend vraiment, on est en train de faire un pas important et nous avons vraiment besoin dans le fond de la collaboration de toutes et tous, toutes celles et ceux qui vont au restaurant au café doivent vraiment jouer le jeu parce qu'on sait qu'on a affaire là à un pas extrêmement important et non seulement celles et ceux qui vont au restaurant, mais aussi toutes celles et ceux qui tiennent des cafés ou des restaurants.",fr
seg_00184,train,CH,2021-05-12,citizens,shifting responsibility,"Mais c'est d'autant plus important de vraiment inciter de vraiment porter le masque à l'intérieur quand on n'est pas en train de consommer, y compris assis, parce que là, effectivement, nous savons que c'est une situation qui peut être délicate si on reste longtemps sans masque dans un cadre fermé.",fr
seg_00190,test,CH,2021-05-12,citizens,shifting responsibility,"La situation actuelle semble vraiment satisfaisante, mais il faudrait aussi voir que, en fonction de la mobilité des gens, en fonction aussi de la fin du home Office, ça a aussi des conséquences sur dans le fond, tout le fonctionnement des magasins nationalement",fr
seg_00206,train,CH,2021-05-12,citizens,shifting responsibility,"Et puis je vous rappelle que ces modifications qui devraient entrer en vigueur au mois de juin, en fait, à partir du 31 mai, interviennent à un moment où la population a vraiment un accès large à la vaccination.",fr
seg_00207,train,CH,2021-05-12,subnational level,praising,"Presque tous les cantons, je l'ai dit, ont ouvert la vaccination à partir de 16 ans.",fr
seg_00208,train,CH,2021-05-12,citizens,shifting responsibility,"certainement à partir de la phase 3 de toute façon, parce que là on est dans une phase où après on aura toutes celles et ceux qui ont souhaité être vaccinés, qui auront pu l'être. On part de l'idée qu'on aura une circulation du virus beaucoup plus faible. On sera en été, on aura certainement des personnes qui vont continuer aussi à se faire vacciner durant le reste de l'année, on aura les plus jeunes plus tard aussi, les enfants, enfin, pour celles et ceux qui le qui le souhaitent.",fr
seg_00209,test,CH,2021-05-12,,credit claiming,"ce n’est pas une expérimentation, mais je dois vous rappeler que nous serons certainement les premiers assez loin à la ronde à faire ce pas comme on a été les premiers d'ailleurs assez loin à la ronde à ouvrir les terrasses au mois d'avril.",fr
seg_00210,train,CH,2021-05-12,citizens,praising,"Et on voit que ça peut fonctionner parce que la population, parce que les gens font très attention.",fr
seg_00211,train,CH,2021-05-12,citizens,explaining/sharing responsibility,"Et donc cet équilibre que nous avons, bah il y a ce triangle avec les tests, la vaccination et les ouvertures, mais aussi le fait qu’on demande toujours vraiment beaucoup d'efforts à la population. On est très conscient de ça, mais de continuer à faire attention, à être prudent, à savoir un peu comment on s'infecte, puis à essayer de l'éviter.",fr
seg_00212,train,CH,2021-06-11,,credit claiming,"Nous avançons bien sûr pas à pas, mais enfin ça avance bien et on peut redire ici que la situation épidémiologique s'améliore",fr
seg_00213,train,CH,2021-06-11,citizens,praising,"Et cette bonne évolution, cette bonne situation, nous la devons avant tout à la prudence dont fait preuve la population, à la vaccination qui avance à un rythme soutenu",fr
seg_00214,train,CH,2021-06-11,,credit claiming,"Ces vaccins donc, sont disponibles en suffisance. Ils sont gratuits pour toute la population et ils sont efficaces à plus de 95%.",fr
seg_00215,train,CH,2021-06-11,subnational level,explaining/sharing responsibility,"Donc aujourd'hui, on a mis en consultation des mesures qui seront en consultation durant les prochains jours pour une décision un peu plus tard avec un allégement du port du masque, avec des capacités pour les magasins, restaurants, installations sportives et loisirs qui sont augmentés, avec la réouverture sous condition des discothèques, avec les conditions également pour la tenue des grandes manifestations qui vont être simplifiées.",fr
seg_00216,train,CH,2021-06-11,subnational level,blaming,"Donc aujourd'hui ouverture de la consultation et décision le 23 juin, c'est ce qui est prévu pour laisser un peu de temps aussi aux cantons pour la consultation",fr
seg_00217,train,CH,2021-06-11,subnational level,shifting responsibility,avec le rappel que ce sont les cantons là qui peuvent fixer des mesures si c'est nécessaire.,fr
seg_00218,train,CH,2021-06-11,citizens,shifting responsibility,"Il y a pas d'obligation d'être assis, ni obligation de porter le masque, simplement faire attention à ne pas mélanger différents groupes d'invités.",fr
seg_00219,train,CH,2021-06-11,subnational level,shifting responsibility,"Pour les restaurants, il reste important la collecte des coordonnées des clients à l'intérieur et à l'extérieur de manière à pouvoir effectuer, c'est pour les cantons, c'est pour que les cantons puissent effectuer le contact tracing en cas de nécessité.",fr
seg_00225,train,CH,2021-06-11,subnational level,shifting responsibility,je sais qu'il n'y a pas de pratique actuellement complètement homogène dans les cantons pour le fait de savoir si on met ces autocollants dans le carnet de vaccination jaune ou pas,fr
seg_00231,train,CH,2021-09-08,citizens,blaming,"On a aujourd‘hui presque 300 personnes qui sont aux soins intensives, nous avons une très forte majorité des lits disponibles qui sont complètement occupés, à moitié par des patients covid et ce qui est très frappant et vous le savez déjà, c’est que dans toutes les hospitalisations et en particulier aux soins intensifs on trouve plus de 90%, plus de 90% des personnes qui se retrouvent aux soins intensifs, c’est à dire qui luttent pour leur survie, faut savoir de quoi on parle, les soins intensifs c’est pas pour aller se reposer, plus de 90% qui sont aux soins intensifs et donc qui luttent pour leur survie ne sont pas vaccinées et nous avons, je crois que c’est encore le cas aujourd’hui, une majorité de personnes aux soins intensifs qui sont âgés de 30 à 60 ans.",fr
seg_00232,train,CH,2021-09-08,citizens,blaming,"Nous avons dans cette situation le personnel qui est sous très forte pression depuis 18 mois. Dans certains cas qui est exténué, qui ne peut presque plus continuer à travailler, nous avons beaucoup de personnes qui ont quitté, Il n’y a plus de capacité aujourd’hui du tout dans plusieurs cantons, il y a donc des transferts de patients, des reports d’opérations, on ne parle pas d’opérations inutiles, on parle d’opérations comme la prise en charge pour le cancer, ça peut être des prises en charges pour les AVC, pour des prothèses, et il n’est pas question dans ces conditions de risquer un débordement du système de santé, c’est ce qui nous guide évidemment dans cette situation",fr
seg_00233,train,CH,2021-09-08,citizens,blaming,"pourtant nous voyons bien aujourd’hui que nous là encore un peu un pourcentage élevé, trop élevé en fait de la population qui n’a pas d’immunité. Il y a encore 2 millions et demi qui pourraient se vacciner aujourd’hui qui n’ont pas fait ce pas.",fr
seg_00234,train,CH,2021-09-08,citizens,blaming,"ça fait environ 3 millions et demi de personnes, de population dans laquelle le virus peut circuler assez librement, ce qui nous pose naturellement des problèmes alors que nous savons que la vaccination permet de se protéger soi-même, permet de protéger son entourage mais c’est aussi justement protéger les autres et notamment aussi les enfants.",fr
seg_00235,test,CH,2021-09-08,,credit claiming,"je rappelle ici que les vaccins on en a assez, ils sont sûrs, ils sont gratuits",fr
seg_00236,train,CH,2021-09-08,citizens,blaming,"je rappelle ici que les vaccins on en a assez, ils sont sûrs, ils sont gratuits.",fr
seg_00237,test,CH,2021-09-08,citizens,blaming,mais qu’elle n’avance pas assez vite aujourd’hui pour empêcher des nouvelles vagues d’infection.,fr
seg_00238,test,CH,2021-09-08,subnational level,explaining/sharing responsibility,"Et donc la question une fois encore qui se pose à nous, la responsabilité que nous devons prendre avec l’ensemble du Conseil fédéral, avec les cantons et avec tous les acteurs dans le pays, c’est comment faire pour ne perdre le contrôle du système, pour ne pas perdre le contrôle et ne plus pouvoir, ou prendre le risque de ne plus pouvoir soigner celles et ceux qui en ont besoin dans de bonnes conditions et comment faire pour garder aussi des alternatives dans la gestion de cette situation.",fr
seg_00239,train,CH,2021-09-08,citizens,blaming,"pour ne pas perdre le contrôle et ne plus pouvoir, ou prendre le risque de ne plus pouvoir soigner celles et ceux qui en ont besoin dans de bonnes conditions et comment faire pour garder aussi des alternatives dans la gestion de cette situation.",fr
seg_00240,train,CH,2021-09-08,subnational level,explaining/sharing responsibility,"dans la ligne de ce que le Conseil fédéral a envoyé en consultation le 25 août et qui a été d’ailleurs soutenu en consultation, notamment fortement par les cantons.",fr
seg_00241,test,CH,2021-09-08,citizens,blaming,"Soit d’une part de prendre le risque, et ce risque existe, il est réel on le voit aujourd’hui, d’avoir un système de santé, qui est surchargé, qui ne peut plus soigner tout le monde, plus avoir de places aux soins intensifs pour des personnes qui en ont besoin et qui donc décéderaient par un manque de place,",fr
seg_00242,train,CH,2021-09-08,subnational level,shifting responsibility,"par exemple avec l’introduction d’amendes, c’était une demande des cantons",fr
seg_00243,train,CH,2021-09-08,,credit claiming,"vous avec certainement déjà pu le tester, ça fonctionne en fait très bien et très simplement.",fr
seg_00244,train,CH,2021-09-08,citizens,praising,"aujourd’hui, on doit le dire, son utilisation fonctionne très bien",fr
seg_00245,train,CH,2021-09-08,,credit claiming,"aujourd’hui, on doit le dire, son utilisation fonctionne très bien. Il y avait des craintes pour les matchs de foot, ça marche sans aucun problème, pour les discothèques ça marche également bien, et pour celles et ceux qui ont l’occasion de se déplacer au-delà de nos frontières, où il est demandé à peu près partout.",fr
seg_00246,train,CH,2021-09-08,subnational level,shifting responsibility,"Je vous parlais tout à l’heure des souhaits des cantons d’’avoir la possibilité de mettre, de prévoir des amendes.",fr
seg_00247,train,CH,2021-09-08,subnational level,explaining/sharing responsibility,"y a également pour les cantons de mettre des amendes ou de prévoir la fermeture des établissements qui n’appliqueraient pas le certificat, mais là c’est effectivement une responsabilité ensuite des cantons de faire les contrôles et d’appliquer ces éléments, comme ça a été encore rappelé dans le cadre de la consultation.",fr
seg_00248,train,CH,2021-09-08,subnational level,explaining/sharing responsibility,"Pour les cantons ou les hautes écoles, les cantons restent compétents pour les hautes écoles, pour rendre obligatoire le certificat pour les études de niveau bachelor et master",fr
seg_00249,train,CH,2021-09-08,citizens,explaining/sharing responsibility,"de manière à pouvoir identifier les personnes qui rentreraient infectées de l’étranger et pouvoir les isoler rapidement, avec pour les personnes qui pourraient être concernées, la nécessité d’effectuer des tests après leur retour",fr
seg_00250,train,CH,2021-09-08,citizens,explaining/sharing responsibility,"Pour les personnes vaccinées ou guéries, puisque le vaccin protège très bien et la guérison également, pas besoin de se conforter à ces mesures.",fr
seg_00257,train,CH,2021-09-08,,credit claiming,"Alors sur l’action au niveau des écoles, vous frappez à la bonne porte, parce que j’ai vraiment je crois au début du mois de juillet pour qu’on mette tout en œuvre pour garantir un suivi précis dans les écoles avec le test, avec les accompagnements, je crois qu’on voit aujourd’hui que c’est une question extrêmement importante.",fr
seg_00258,train,CH,2021-09-08,citizens,shifting responsibility,"Encore un doublement des cas et on est vraiment dans une mauvaise situation, on a plus beaucoup de temps alors que les mois froids arrivent pour garder cette situation sous contrôle pour précisément ne plus devoir revenir à ce qu’on a pas du tout aimé faire, devoir empêcher les activités d’exister, fermer ces lieux, c’est ça qu’on a essayé d’éviter.",fr
seg_00259,train,CH,2021-09-08,citizens,blaming,alors qu’il reste quand même un potentiel de 3.5 millions de personnes dans notre pays où le virus peut circuler assez librement.,fr
seg_00260,test,CH,2021-09-08,citizens,blaming,"Si on a 30-40% de personnes qui veulent ni le vaccin ni les tests, alors je vous promets une pandémie qui va durer assez longtemps.",fr
seg_00261,test,CH,2021-09-08,,credit claiming,Ils ont été pendant longtemps gratuits d’ailleurs et vous aurez remarqué que nous ne sommes pas seuls à faire ce pas. J’ai constaté un peu par hasard d’ailleurs que tous les pays qui nous entourent ou presque tous je pense font également ce pas.,fr
seg_00262,test,CH,2021-09-08,citizens,blaming,était de se demander jusqu’à quand est-ce qu’on peut faire porter à l’ensemble de la collectivité des choix personnels qui sont de se faire tester régulièrement plutôt que de faire le vaccin.,fr
seg_00263,train,CH,2021-09-08,,credit claiming,"Le vaccin c’est une seule fois, ce n’est pas très cher et on a permis de faire ce pas.",fr
seg_00266,train,CH,2021-09-08,subnational level,explaining/sharing responsibility,"Et le problème là, nous sommes naturellement en étroit contact, ce n’est pas le Confédération qui gère les hôpitaux, ce n’est pas le rôle non plus de la Confédération. La Versorgung, l’approvisionnement en matière de lits d’hôpitaux et de soins, c’est la responsabilité politique des cantons, ensuite il y a une responsabilité particulière soit d’entreprises privées, soit d’entreprises qui sont gérées par les cantons, d’hôpitaux cantonaux, et ce qui nous préoccupe là évidemment, c’est de garantir que ce volet-là soit aussi bien surveillé, que ça se développe bien. J’ai encore eu l’occasion de m’adresser aux cantons à ce sujet, dans la rencontre que nous avons eue avec la GDK il y a 2 semaines maintenant, c’est un sujet constant",fr
seg_00267,test,CH,2021-09-08,subnational level,shifting responsibility,je crois qu’il appartient vraiment à ceux qui gère cet approvisionnement de garantir que ça fonctionne.,fr
seg_00268,test,CH,2021-09-08,,credit claiming,"On a vécu une situation en Suisse où on a suivi un cours assez libéral, assez ouvert, on a eu beaucoup moins de fermeture, beaucoup plus court, beaucoup moins de complications, de choses difficiles que dans les pays qui nous entourent.",fr
seg_00269,train,CH,2021-09-08,citizens,blaming,"Et maintenant que cette 4ème vague arrive, maintenant qu’on a un élément important de la solution avec la vaccination qui reste malgré tout encore trop peu de personnes qui vont faire ce pas",fr
seg_00270,train,CH,2021-09-08,citizens,praising,"il a remercié toutes celles et ceux qui se sont vaccinés, c’est aussi un acte solidaire pour que nous puissions comme société suisse sortir de cette pandémie",fr
seg_00271,train,CH,2021-09-08,citizens,shifting responsibility,"il faut aussi adresser un mot à celles et ceux qui n’ont pas encore fait ce pas, pour les encourager, que c’est un produit qui est sûr, qui est efficace, qui protège bien et qui va nous permettre de sortir de cette situation.",fr
seg_00272,train,CH,2021-09-08,subnational level,explaining/sharing responsibility,nous soutenons les cantons dans ce cadre en leur rappelant aussi quel est leur rôle.,fr
seg_00280,test,CH,2021-09-08,subnational level,explaining/sharing responsibility,"on a prévu maintenant de reprévoir, de remettre en place la collecte des données suite à la demande justement des cantons qui dans certains cas ont vu apparaître des foyers qu’ils n’ont pas pu retracer.",fr
seg_00281,train,CH,2021-09-08,,credit claiming,"ça c’est exactement le genre d’éléments que nous apportent la consultation, c’est des retours dans le fond avec des expériences précises où on a adapté le projet sur ce point.",fr
seg_00282,train,CH,2021-09-08,subnational level,explaining/sharing responsibility,"ça c’est exactement le genre d’éléments que nous apportent la consultation, c’est des retours dans le fond avec des expériences précises où on a adapté le projet sur ce point.",fr
seg_00284,train,CH,2021-09-08,,credit claiming,"Ce qui me parait par contre extrêmement important et c’est un échange constant avec les cantons,",fr
seg_00285,test,CH,2021-09-08,subnational level,explaining/sharing responsibility,"Ce qui me parait par contre extrêmement important et c’est un échange constant avec les cantons,",fr
seg_00286,train,CH,2021-09-08,citizens,explaining/sharing responsibility,"c’est qu’on constate aujourd’hui que les possibilités de se vacciner dans des centres, ça ne suffit plus. Et ça on le sait depuis longtemps, il faut développer des alternatives. Je crois que Monsieur Engelberger l’a dit tout à l’heure, qu’il soit beaucoup plus décentralisé et qu’il aille beaucoup plus près des personnes qui seraient intéressées à se vacciner mais qui n’ont pas forcément envie de prendre un rendez-vous, un bus et puis d’aller dans un centre de vaccination",fr
seg_00287,train,CH,2021-09-08,citizens,shifting responsibility,"on doit naturellement pouvoir, chaque vaccination supplémentaire est naturellement un peu plus difficile à faire parce qu’il faut aller convaincre quelqu’un de plus, expliquer pourquoi c’est un pas important qu’il faut aujourd’hui faire.",fr
seg_00291,train,CH,2021-09-08,citizens,blaming,Celle que nous menons maintenant vise à protéger notre système de santé alors que nous n’avons pas encore assez de personnes vaccinées pour que ce danger soit écarté,fr
seg_00294,train,CH,2021-11-03,,credit claiming,", je crois qu’on peut dire ici que c’est une bonne chose, parce que nous avons global de vaccination dans notre pays qui est haut si on considère ce qu’on attendait il y a encore une année",fr
seg_00295,train,CH,2021-11-03,citizens,shifting responsibility,"mais qui n’est malheureusent pas encore suffisant pour espérer sortir rapidement de la crise, pour espérer éviter une nouvelle vague, grosse vague d’infections et pour espérer pouvoir vraiment lever toutes les mesures sans mettre en danger le système de santé.",fr
seg_00296,train,CH,2021-11-03,citizens,blaming,"Actuellement, 75% des plus de 18 ans sont complètement vaccinés, alors c’est beaucoup mais ca n’est pas encore assez, d’autant plus que le nombre de vaccinations effectué chaque jour diminue et nous avons aussi un trend épidémiologique qui n’est pas très bon actuellement",fr
seg_00297,train,CH,2021-11-03,subnational level,explaining/sharing responsibility,"nous sommes donc convaincus avec les cantons, Confédération et cantons, quûn effort supplémentaire est nécessaire, un effort avant l’hiver, avant les mois qui nous attendent, froids d’hiver, passés plutôt en intérieur, et nous voyons aussi qu^’il faut faire ce pas",fr
seg_00298,train,CH,2021-11-03,subnational level,explaining/sharing responsibility,"pour financer différentes opérations avec des cantons, des communes, des associations, les partenaires sociaux, qui sont responsables de l’organisation,",fr
seg_00299,train,CH,2021-11-03,subnational level,explaining/sharing responsibility,les cantons ont jusqu’à ce soir pour soumettre leurs propositions et leurs offres,fr
seg_00300,train,CH,2021-11-03,subnational level,praising,"nous avons de très bons programmes qui ont déjà été reçus, bientôt d’une majorité de cantons,",fr
seg_00301,train,CH,2021-11-03,citizens,explaining/sharing responsibility,"pour permettre à celles et ceux qui hésiteraient encore de poser des questions, de se renseigner, de vraiment aborder toutes les questions qui seraient encore ouvertes sur les vaccins, sur les effets secondaires, sur les durées de protection, tout ce qu’on peut avoir encore comme question à ce sujet. Deuxième objectif, concerne vraiment le fait de faciliter l’accès à la vaccination pour les personnes qui par manque d’informations ou de temps ne sont pas encore vaccinées.",fr
seg_00304,train,CH,2021-11-03,citizens,shifting responsibility,Chaque vaccination supplémentaire est un succès dans la situation actuelle. Chaque vaccination supplémentaire est un succès.,fr
seg_00305,train,CH,2021-11-03,citizens,shifting responsibility,"On a encore un peu de potentiel, nous en sommes convaincus, et on souhaite l’utiliser au mieux possible.",fr
seg_00316,train,CH,2021-11-30,,credit claiming,nous avons pris vendredi déjà des mesures importantes pour freiner l’apparition de ce variant dans notre pays,fr
seg_00317,train,CH,2021-11-30,citizens,shifting responsibility,"Cette tendance négative avec des cas qui continuent d’augmenter fortement, un tiers de cas de plus par rapport à la semaine passée, on a eu le dépassement du seuil du million d’infections dépassé, avec maintenant 230 patients covid aux soins intensifs et nous devons naturellement maitriser cette situation",fr
seg_00318,train,CH,2021-11-30,subnational level,shifting responsibility,"Mercredi dernier on avait fait, en lançant un appel, à ce que les cantons en fassent plus, s’engagent sur ce plan là",fr
seg_00319,test,CH,2021-11-30,subnational level,explaining/sharing responsibility,nous préparer avec une consultation qui est lancée aujourd’hui avec la proposition d’envisager la réintroduction de certaines mesures sur tout le territoire.,fr
seg_00320,train,CH,2021-11-30,subnational level,explaining/sharing responsibility,Nous mettons également en consultation la réduction des manifestations en extérieur sans certificat à 300 personnes.,fr
seg_00321,test,CH,2021-11-30,subnational level,explaining/sharing responsibility,"c’est naturellement des éléments sur lesquels nous souhaitons avoir l’avis des cantons,",fr
seg_00322,test,CH,2021-11-30,subnational level,explaining/sharing responsibility,"Encore une fois c’est une consultation, on va voir aussi quelle est la réaction des cantons par rapport à ça.",fr
seg_00323,train,CH,2021-11-30,subnational level,explaining/sharing responsibility,"Cette consultation elle a lieu jusqu’à demain soir, donc j’ai mentionné, il s’agit des cantons, des partenaires sociaux et des commissions parlementaires, et ces mesures sont proposées pour une validité jusqu’au 24 janvier prochain",fr
seg_00324,train,CH,2021-11-30,subnational level,explaining/sharing responsibility,"pour laquelle nous levons ces restrictions de 2/3, qui donc n’existeraient plus suite à la consultation et aux décisions qui pourraient faire suite",fr
seg_00325,train,CH,2021-11-30,citizens,shifting responsibility,"Voilà, les appels lancés évidemment jusqu’ici restent valables, faites-vous vacciner, pour celles et ceux qui ont déjà fait le vaccin, si vous l’avez fait depuis 6 mois, prenez une troisième dose, respectez les gestes barrières, les mesures d’hygiène, et puis rappeler ici que porter un masque en intérieur, éviter les grands rassemblements, aide évidemment à maitriser cette situation au mieux.",fr
seg_00329,train,CH,2021-11-30,subnational level,shifting responsibility,mais nous avions clairement demandé que les cantons prennent des mesures complémentaires.,fr
seg_00330,train,CH,2021-11-30,citizens,explaining/sharing responsibility,Le fait qu’on ait maintenant avec le booster la possibilité de compléter au bout de 6 mois pour celles,fr
seg_00331,train,CH,2021-11-30,,credit claiming,Donc je crois que c’est simplement d’être une forme de loyauté envers le texte et des discussions qui ont eu lieu au parlement en juin,fr
seg_00336,test,CH,2021-11-30,citizens,blaming,"On voit ces cas monter, on est à 230 personnes dans les soins intensifs aujourd’hui, c’est bientôt 1/3 des capacités, on est bientôt dans une situation où il va commencer à falloir faire des choix des opérations qu’on peut faire ou pas",fr
seg_00337,train,CH,2021-11-30,citizens,blaming,"je rappelle ici que nous avons aux soins intensifs une immense majorité, une claire majorité au moins, de personnes qui ne sont pas vaccinées, donc on a aussi ce problème-là",fr
seg_00338,train,CH,2021-11-30,,credit claiming,"à naturellement avec ces caractéristiques qu’il semble avoir jusqu’ici, nous appelle à beaucoup de prudence. C’est pour ça qu’on prend aujourd’hui, on met en consultation des mesures qui devraient valoir pour quelques semaines.",fr
seg_00339,train,CH,2021-11-30,subnational level,explaining/sharing responsibility,on met en consultation des mesures qui devraient valoir pour quelques semaines,fr
seg_00343,train,CH,2021-11-30,,credit claiming,"Aujourd’hui on a avec des tests en suffisance, avec de plus en plus de personnes qui ont une immunité soit par la guérison, soit par la vaccination",fr
seg_00344,train,CH,2021-11-30,citizens,shifting responsibility,"si vous vous réunissez dans le cadre privé à plus que 10, faites attention que les personnes qui ne sont pas vaccinées ou pas guéries qu’elles aient fait un test.",fr
seg_00345,train,CH,2021-11-30,citizens,shifting responsibility,"et c0est un élément aussi qui incite à cette prudence, à dire écoutez si vous faites une fête de Noël à 15 ou à 20, essayez de veiller à ce que les gens qui sont pas vaccinées ou pas guéries, qu’ils aient fait un test.",fr
seg_00350,train,CH,2021-11-30,subnational level,explaining/sharing responsibility,"Encore une fois, c’est une consultation, aussi pour le télétravail, on va voir ce qu’en pensent les organisations, les cantons, les commissions parlementaires concernées.",fr
seg_00351,train,CH,2021-11-30,citizens,praising,J’ai remarqué qu’on constate aussi dans les rues qu’il y a beaucoup plus de gens qui se déplacent avec le masque. On a quand même une société qui est assez résiliente et qui s’adapte en fonction de la situation.,fr
seg_00354,train,CH,2021-12-10,,credit claiming,"Je peux redire dans ce cadre que nous avons toujours essayer avec le Conseil fédéral d’adopter des mesures en étant au plus près des besoins de notre pays, en étant le plus précis possible et ça veut dire qu’il y a un chemin que nous avons écarté dès le départ, c’tait soit de ne rien faire, soit de prendre les mesures les plus dures, de tout fermer, ou d’être le plus dur à tout moment. Ça aurait été plus simple mais ce sont deux options qui font beaucoup de dégâts et donc nous avons cherché une sorte de juste milieu en nous adaptant, en étant autrement dit prévoyant mais sans aversion au risque, c’est ça que nous avons essayer de faire, de continuer à travailler dans cette voie-là. Ça n’est pas la voie la plus simple que nous avons choisi, il faut être clair avec ça mais c’est celle qui de l’avis du Conseil fédéral tient le mieux compte des intérêts du pays, de la population et de cet équilibre qu’il y a à trouver entre la santé publique, les besoins d’un pays ouvert, traditionnellement très ouvert avec beaucoup de contacts ce circulation et également bien sûr les besoins de la vi sociale et de la vie économique.",fr
seg_00355,train,CH,2021-12-10,subnational level,explaining/sharing responsibility,"de manière à pouvoir avoir la discussion avec les cantons,",fr
seg_00356,train,CH,2021-12-10,citizens,shifting responsibility,"avec une situation dans les hôpitaux qui s’est aggravée, des soins intensifs qui sont sous pression de plus en plus forte, un personnel qui est aujourd’hui fatigué, des transferts de patients de plus en plus fréquents, des réductions d’autres types d’activités, notamment pour les opérations non urgentes qui auront commencé, et le risque, ce que nous ne souhaitons pas, de mise en danger des prises en charge ordinaires,",fr
seg_00357,train,CH,2021-12-10,subnational level,explaining/sharing responsibility,La situation n’est pas simple et la consultation doit nous permettre avec l’ensemble des acteurs concernés de mener la discussion sur quels sont les possibilités qui s’offrent à nous.,fr
seg_00358,train,CH,2021-12-10,,credit claiming,Il s’agit en fait d’un acte de très grande transparence je crois à l’égard des options qui peuvent exister et de manière aussi à pouvoir prévoir ce qui pourrait se produire ou quels sont les scénarios qui pourraient se présenter,fr
seg_00359,test,CH,2021-12-10,citizens,blaming,"on parle surtout de ce que ces cas représentent ensuite en hospitalisations et en transferts en soins intensifs,",fr
seg_00360,train,CH,2021-12-10,,credit claiming,"On veut donc être transparents, on met pour ça en consultation jusqu’au 14 décembre deux variantes.",fr
seg_00361,test,CH,2021-12-10,subnational level,explaining/sharing responsibility,"On veut donc être transparents, on met pour ça en consultation jusqu’au 14 décembre deux variantes.",fr
seg_00362,train,CH,2021-12-10,subnational level,explaining/sharing responsibility,"Et puis on met aussi en consultation pour avoir une discussion avec les milieux concernés, l’idée de 2G",fr
seg_00363,train,CH,2021-12-10,citizens,shifting responsibility,"Donc on revient à des mesures qu’on n’a pas envie de prendre, qu’on n’a pas envie de voir. Et le seul moyen de nous éviter ça, c’est qu’on soit prudents, qu’on fasse attention, on sait comment faire avec la distance, avec le port du masque, avec l’hygiène des mains, d’être attentif dans le fond pour éviter de nous conduire dans une situation où des mesures extrêmement désagréables seraient nécessaires.",fr
seg_00364,train,CH,2021-12-10,subnational level,explaining/sharing responsibility,"En parallèle, il faut renforcer toute une série, aussi pour des raisons de cohérence épidémiologiques si je peux le dire ainsi, renforcer toute une série de mesures de base qui concernent les écoles, le monde du travail, les réunions privées. C’est clair pour les écoles ou pour les universités, ça n’a pas vraiment de grandes conséquences, bon d’abord c’est une consultation donc il n’y a rien qui change aujourd’hui",fr
seg_00365,test,CH,2021-12-10,subnational level,explaining/sharing responsibility,", naturellement la compétence qui est laissée aux cantons",fr
seg_00366,train,CH,2021-12-10,subnational level,explaining/sharing responsibility,"Pour les réunions privées, nous mettons également en consultation une limitation à 5 personnes si une des personnes n’est pas immunisée, pas de limitation si tout le monde est vacciné ou guéri.",fr
seg_00367,train,CH,2021-12-10,,credit claiming,"Là aussi c’est quelque chose qui est assez difficile mais nous devons, nous souhaitons ne pas perdre le contrôle de la situation parce qu’alors les conséquences seraient beaucoup plus importantes sur la fermeture des activités, sur le risque que cela représente pour les activités sur le plan économique et social. Le Président de la Confédération l’a rappelé, il y a à nouveau la discussion de l’obligation du télétravail. Il semblerait particulier de ne pas envisager cette possibilité, notamment en cas d’escalade avec la deuxième variante, si on ferme des activités, c’est naturellement difficile de ne pas avoir la discussion sur le télétravail en parallèle. Pour le commerce de détail et les domaines skiables, vous aurez remarqué que, et c’est un élément qui beaucoup évolué durant les dernières semaines, les milieux économiques souhaitent éviter aussi toute fermeture. Ça ne nous surprend pas mais ça signifie que pour éviter ces fermetures, ils ont été prêts à faire des propositions spontanément pour introduire des limitations de capacités et donc de notre point de vue, il n’y a pas de mesure supplémentaire qui soit nécessaire. Tout cela doit nous permettre de mener la discussion sur la meilleure voie pour sortir ou pour maitriser cette situation ensemble durant l’hiver qui arrive.",fr
seg_00368,train,CH,2021-12-10,citizens,shifting responsibility,"le vaccin et la 3ème dose pour celles et ceux qui sont vaccinés depuis plus de 6 mois, ce qui doit naturellement nous aider dans cette situation.",fr
seg_00369,train,CH,2021-12-10,subnational level,explaining/sharing responsibility,"En parallèle, nous avons également mis en consultation ce matin deux autres points.",fr
seg_00375,train,CH,2021-12-10,subnational level,explaining/sharing responsibility,"Oui c’est ça, il y a d’autres mesures qui sont mises en consultation",fr
seg_00376,test,CH,2021-12-10,subnational level,shifting responsibility,Recommandation du port du masque pour les plus jeunes mais ça c’est aux cantons d’agir.,fr
seg_00377,train,CH,2021-12-10,subnational level,explaining/sharing responsibility,"C’est une consultation qui est là pour être prêts s’il faut agir très rapidement. Si ce n’est pas nécessaire, tant mieux. On souhaite avoir eu la discussion avec les acteurs.",fr
seg_00378,train,CH,2021-12-10,,credit claiming,En fait on fait vraiment ici preuve d'une certaine prévoyance.,fr
seg_00379,train,CH,2021-12-10,subnational level,explaining/sharing responsibility,"on doit naturellement, on souhaite naturellement mener la discussion avec l'ensemble des acteurs, les cantons, les partenaires sociaux, les commissions parlementaires pour discuter ensemble de la situation actuelle et de réfléchir au régime, aux mesures qui pourraient nous aider à maîtriser cette situation, notamment sur les périodes de fêtes.",fr
seg_00380,train,CH,2021-12-10,,credit claiming,"Il ne s’agit pas de menaces. Vous voyez la situation que nous avons ? Vous voyez ce que d'autres pays ont fait face à cette situation ? Il s'agit pas du tout de menaces. On essaie juste de garder une situation dans laquelle tout peut rester ouvert. C'est ce qu'on essaie de faire, rien d'autre. Mais on voit bien que, avec les mesures qu'on a pris jusqu'à aujourd'hui, on a essayé d'être toujours très très précis et d'être au plus juste en fait.",fr
seg_00381,train,CH,2021-12-10,,credit claiming,On a beaucoup appris depuis 2 ans.,fr
seg_00382,train,CH,2021-12-10,,credit claiming,"Pour l'instant, moi je dois vous dire, je considère encore et toujours qu'elle est sous contrôle",fr
seg_00388,train,CH,2021-12-10,citizens,shifting responsibility,"Je crois qu'effectivement le choix de se vacciner ou de ne pas se vacciner est un choix libre et volontaire pour chaque personne, mais chaque choix à quelques conséquences. Et dans la situation que nous avons, jusqu'à maintenant ce n’était pas le cas, mais malheureusement ça pourrait avoir comme conséquence si on devait aller plus loin, ça n'est pas encore le cas, ça pourrait avoir comme conséquence de limiter l'accès à certains lieux publics intérieurs pour les personnes qui n'ont pas fait le choix de se faire vacciner.",fr
seg_00401,train,CH,2021-12-10,,credit claiming,"Oui, je ne sais pas si le Président veut dire un mot à ce sujet, mais je pense qu’on essaie de tout faire pour éviter ce scénario",fr
seg_00402,train,CH,2021-12-10,,credit claiming,"Non, nous ne sommes pas perdus, nous essayons simplement d'anticiper.",fr
seg_00403,train,CH,2021-12-10,,credit claiming,"je crois que la situation aujourd'hui, si on le regarde aujourd'hui, si on prend la Momentaufnahme, une photographie de la situation, les hospitalisations, ça va, on est à moyenne de 120 hospitalisations par jour, sur une moyenne de 7 jours.",fr
seg_00404,train,CH,2021-12-10,citizens,shifting responsibility,"avec aussi 289 personnes aux soins intensifs. En fait c'est beaucoup hein, c'est vraiment beaucoup mais ça va. Par contre si on a une direction d'un doublement pour les 24 prochains jours, ça ça va plus du tout.",fr
seg_00418,train,CH,2021-12-10,subnational level,explaining/sharing responsibility,"Il y a des mesures, hein, qui ont déjà été prises par les cantons qui sont responsables pour ce domaine-là.",fr
seg_00419,train,CH,2021-12-10,,credit claiming,"Et vous aurez remarqué que le Conseil fédéral a essayé, dans la mesure du possible, partout où c'était possible, d'avoir une certaine attention pour les plus jeunes qui ont besoin aussi de faire du sport, de de faire toute une série d'activités comme tout le monde d'ailleurs. Et on n'a pas jugé nécessaire, ni d'ailleurs même discuté de modifier cette limite ce matin.",fr
